{"cameraMode":{"drawMode":0,"name":"Shaded","section":"Shading Mode"},"sceneLighting":true,"audioPlay":false,"sceneViewState":{"showFog":true,"showMaterialUpdate":false,"showSkybox":true,"showFlares":true,"showImageEffects":true,"showParticleSystems":true},"in2DMode":false,"pivot":{"x":-10.205093383789063,"y":-1.2846952676773072,"z":-9.910049438476563},"rotation":{"x":-0.03569073975086212,"y":0.9636535048484802,"z":-0.1682128757238388,"w":-0.20445704460144044},"size":10.691426277160645,"orthographic":false}