{"cameraMode":{"drawMode":0,"name":"Shaded","section":"Shading Mode"},"sceneLighting":true,"audioPlay":false,"sceneViewState":{"showFog":true,"showMaterialUpdate":false,"showSkybox":true,"showFlares":true,"showImageEffects":true,"showParticleSystems":true},"in2DMode":false,"pivot":{"x":88.52783203125,"y":-29.13312530517578,"z":28.192659378051759},"rotation":{"x":-0.1535656452178955,"y":-0.627517819404602,"z":0.12806227803230287,"w":-0.7524886131286621},"size":134.01548767089845,"orthographic":false}