{"cameraMode":{"drawMode":0,"name":"Shaded","section":"Shading Mode"},"sceneLighting":true,"audioPlay":false,"sceneViewState":{"showFog":true,"showMaterialUpdate":false,"showSkybox":true,"showFlares":true,"showImageEffects":true,"showParticleSystems":true},"in2DMode":false,"pivot":{"x":-389.12158203125,"y":-300.8140869140625,"z":134.12103271484376},"rotation":{"x":-0.25403478741645815,"y":0.5547864437103272,"z":-0.182822585105896,"w":-0.7708789110183716},"size":541.5484619140625,"orthographic":false}